Country,Latitude,Longitude,2019,2018,2017,2016,2015,2014,2013,2012,2011,2010,2009
Afghanistan,33.93911,67.709953,46.51282488,48.04333496,49.61142783,51.31914071,53.16980691,55.16093247,57.22515115,59.45464163,61.7264408,64.10056744,66.52582348
Albania,41.153332,20.168331,8.614278947,8.473569464,8.377771101,8.378717701,8.509459806,8.805974919,9.284419857,9.963017976,10.82505604,11.82809714,12.91451797
Algeria,28.033886,1.659626,19.95486657,20.4293154,20.87252144,21.28039551,21.61269416,21.87307618,22.13734858,22.47152506,22.93379413,23.5629453,24.381526
Andorra,42.546245,1.601554,2.83160691,2.941386329,3.064820479,3.200425218,3.340384911,3.495399071,3.665887728,3.850386143,4.043768656,4.256321379,4.459207498
Angola,-11.202692,17.873887,50.18015462,51.87144038,53.53517513,55.56222719,57.81665256,60.54046772,63.71524587,67.31644487,71.42047275,75.86864973,80.48416281
Antigua and Barbuda,17.060816,-61.796428,5.790410797,6.005957808,6.234654505,6.493730747,6.770443491,7.079192051,7.428225981,7.823103943,8.236396536,8.678637768,9.13280581
Argentina,-38.416097,-63.616672,8.238052776,8.699038159,9.191891652,9.700523496,10.22042087,10.75480132,11.30477609,11.85737001,12.40074216,12.90835062,13.3415387
Armenia,40.069099,45.038189,10.50872351,11.03316665,11.6070266,12.22385433,12.84986202,13.51420225,14.20535435,14.93910043,15.71886462,16.53713899,17.40439676
Australia,-25.274398,133.775136,3.051816365,3.096226822,3.137775128,3.18791625,3.255395717,3.348656771,3.474454315,3.629168068,3.807234448,3.996784001,4.184943716
Austria,47.516231,14.550072,2.845195443,2.898647919,2.946415719,2.99326572,3.046625446,3.118536213,3.215870452,3.339811147,3.470602504,3.58418493,3.676060717
Azerbaijan,40.143105,47.576927,18.23757538,19.25599983,20.45378816,21.82883485,23.36176023,25.02897472,26.77096597,28.62257407,30.58161389,32.58175628,34.75778465
Bahamas,25.03428,-77.39628,10.85550979,11.14656852,11.43327976,11.73074177,11.99855861,12.25561215,12.50810116,12.77334496,13.06035206,13.34557757,13.63492628
Bahrain,25.930414,50.637772,5.901778269,6.064939751,6.215721812,6.349841318,6.475842013,6.573069427,6.681062959,6.825744049,7.023885387,7.287097339,7.620979545
Bangladesh,23.684994,90.356331,25.58966058,26.73541519,27.98896803,29.29028684,30.64713518,32.06961577,33.54466944,35.12109684,36.79163021,38.57601697,40.50617787
Barbados,13.193887,-59.543198,11.74110773,12.08193316,12.41067784,12.72941634,13.0063567,13.25481176,13.45436393,13.58757365,13.70365234,13.80916837,13.92969659
Belarus,53.709807,27.953389,2.421918468,2.565442706,2.723917078,2.883394773,3.044736478,3.215392415,3.402423233,3.619265691,3.878244665,4.190410378,4.562494984
Belgium,50.503887,4.469936,2.735199482,2.8357682,2.94076115,3.054347928,3.171134296,3.284148342,3.388335524,3.479857965,3.556464683,3.627262241,3.699887557
Belize,17.189877,-88.49765,10.58929043,11.1856546,11.82258668,12.50040461,13.18630303,13.872771,14.54176663,15.16113617,15.72098101,16.20750029,16.63431621
Benin,9.30769,2.315834,59.00127358,60.4147168,61.75400719,63.03928772,64.26446209,65.51838471,66.77161283,68.06064463,69.33465235,70.58545322,71.83572743
Bhutan,27.514162,90.433601,23.8496661,24.69640339,25.50827447,26.38057013,27.35071908,28.48328748,29.62328535,30.88161353,32.34471488,33.98387696,35.84188907
Bolivia,-16.290154,-63.588653,21.19450891,21.99730704,22.92587574,23.92484789,25.08717329,26.37645741,27.83236518,29.40968021,31.03553324,32.74612128,34.58335515
Bosnia and Herzegovina,43.915886,17.679076,5.058139874,5.169526734,5.259518711,5.33982124,5.422805525,5.514838335,5.636465802,5.798898327,6.007555551,6.267435669,6.572192254
Botswana,-22.328474,24.684866,32.25554484,32.30305017,32.5322611,33.04770104,32.1070087,30.95097911,28.61311679,26.97781311,27.08314648,24.59772719,22.92735962
Brazil,-14.235004,-51.92528,12.44783819,12.82689496,13.22951131,14.62089795,14.04638853,14.47691188,14.93222706,15.43524067,16.01576322,16.6904911,17.47285083
Bulgaria,42.733883,25.48583,5.628804339,5.887383996,6.156358731,6.452312478,6.805919782,7.240757591,7.735749371,8.253627026,8.729039532,9.083089398,9.294389605
Burkina Faso,12.238333,-1.561593,53.93724291,55.29668942,56.66177937,58.01188294,59.54749764,61.10480202,62.75043308,64.44498547,66.26210926,68.20653876,70.45010784
Burundi,-3.373056,29.918886,39.85035699,41.16822534,42.64095734,44.18714758,45.94336707,48.03807263,50.44589762,53.09430859,56.00542598,59.17112842,62.55531876
Cambodia,12.565679,104.990963,22.83360071,23.73977705,24.76897315,25.85378493,27.17144788,28.58585627,30.26205988,32.29432595,34.72491579,37.44982498,40.32945969
Cameroon,7.369722,12.354722,50.17327695,51.58737925,53.37781861,55.42276625,57.34779309,59.84200836,62.01167379,64.58099707,66.87932269,68.83472798,71.2713944
Canada,56.130366,-106.346771,4.245518033,4.346865205,4.440870778,4.52700623,4.606431913,4.678992845,4.741427273,4.792559907,4.841130616,4.895675365,4.955984714
Central African Republic,6.611111,20.939444,81.00321702,83.44119539,85.45682849,87.41103418,89.73434387,92.11865577,94.64963166,96.15016324,98.18458522,100.2902092,101.8928442
Chad,15.454166,18.732207,69.0959986,70.83647473,72.55358698,74.37438246,76.05615505,77.70066198,79.32889083,80.99489391,82.68908731,84.43555532,86.20221167
Chile,-35.675147,-71.542969,5.966439752,6.158473462,6.353441144,6.55165793,6.747865353,6.921619394,7.058779991,7.171580569,7.288146092,7.416313377,7.523207287
China,35.86166,104.195397,6.758933487,7.271503436,7.853088585,8.495061723,9.191308849,9.945807127,10.75849622,11.62393081,12.55731337,13.5586655,14.66021499
Colombia,4.570868,-74.297333,11.8379662,12.20550657,12.62426221,13.02776275,13.43705864,13.88685419,14.33727173,14.80711704,15.29041456,15.76486779,16.25173082
Comoros,-11.875001,43.872219,48.28004612,49.68353256,51.16107157,52.56944058,54.07865501,55.62352401,57.19268132,58.69373967,60.22553925,62.06425621,63.62861583
Cook Islands,-21.236736,-159.777671,6.513911025,6.729932793,6.951794943,7.19882597,7.473970327,7.753961373,8.061639393,8.383300816,8.753904106,9.168257906,9.650143403
Costa Rica,9.748917,-83.753428,7.543570788,7.532697478,7.513284147,7.530816215,7.651215925,7.901234152,8.225598264,8.563596461,8.882570256,9.158825855,9.373485892
Côte d'Ivoire,7.539989,-5.54708,58.59966923,60.58989885,62.23309257,63.88823663,65.33501589,67.01515629,68.87326657,70.86748976,72.87265377,74.69481513,76.65454072
Croatia,45.1,15.2,4.05451865,4.097683361,4.131128977,4.161269125,4.199208998,4.249121363,4.31451641,4.400203892,4.516876176,4.664475254,4.841380345
Cuba,21.521757,-77.781167,3.809897441,3.907033744,4.002123455,4.099446245,4.200018262,4.309225974,4.423976533,4.54347025,4.670317167,4.812008328,4.96033662
Cyprus,35.126413,33.429859,1.839560344,1.921239746,2.009089128,2.11074012,2.220185295,2.33808658,2.462376432,2.601416756,2.754899316,2.931992365,3.127371384
Denmark,56.26392,9.501785,3.240685756,3.337711142,3.418009881,3.47093495,3.494845095,3.49117612,3.469424159,3.446711416,3.443009265,3.473335823,3.551269293
Djibouti,11.825138,42.590275,48.41679949,49.79531909,51.25864059,52.718863,54.25203673,55.880248,57.42562083,59.0089294,60.70958379,62.40987268,64.13366798
Dominica,15.414999,-61.370976,30.93649251,30.30109092,29.44661201,28.42715811,27.27411975,26.05141046,24.78720218,23.54983454,22.35520922,21.22983423,20.17226462
Dominican Republic,18.735693,-70.162651,23.45182975,24.12055393,24.75389831,25.38835288,25.9957598,26.58936001,27.0843399,27.52053321,27.84493281,28.15058068,28.46252949
Ecuador,-1.831239,-78.183406,12.03792808,12.27264454,12.47642947,12.69928592,12.99311678,13.36359199,13.82842596,14.38561871,14.99559808,15.66291823,16.37156971
Egypt,26.820553,30.802498,17.32535891,17.93854367,18.52842135,19.20156154,19.86071155,20.58077874,21.35115385,22.21559104,23.11962155,24.07823872,25.05433589
El Salvador,13.794185,-88.89653,11.43687592,11.81293068,12.24758041,12.68461527,13.164978,13.70596429,14.32173257,14.95294346,15.64963867,16.40871382,17.23286303
Equatorial Guinea,1.650801,10.267895,60.41252496,62.20776162,64.1341298,66.13280029,68.14091281,70.29889716,72.39204743,74.67266158,76.98663971,79.37587619,82.00197672
Eritrea,15.179384,39.782334,30.4710988,31.32266678,32.1664528,33.07840722,33.98507513,34.89076795,35.84989031,36.88690963,37.96358871,39.14659585,40.32132026
Estonia,58.595272,25.013607,1.869637897,1.996524866,2.138074171,2.293830886,2.460368923,2.640812388,2.839069898,3.061219374,3.310979009,3.596303237,3.917744237
Ethiopia,9.145,40.489673,36.54901227,37.92847079,39.49162458,41.2419076,43.14328256,45.12277471,47.1981614,49.4539378,51.85113481,54.3012804,56.94375515
Fiji,-16.578193,179.414413,21.67701431,21.57341825,21.27775545,20.92329542,20.57861616,20.29801263,20.10272983,20.01971653,20.01489079,20.07420197,20.13495491
Finland,61.92411,25.748151,1.945579565,1.95733568,1.972407265,1.99498863,2.033536782,2.088226939,2.159415772,2.247394507,2.350540462,2.465200282,2.586061678
France,46.227638,2.213749,3.773530241,3.686930068,3.589783413,3.512395326,3.466263505,3.4548028,3.474878618,3.508886808,3.53857546,3.561727414,3.583758983
Gabon,-0.803689,11.609444,31.14586161,32.21138832,33.39280111,34.30691419,35.7800753,36.88374808,37.70294331,38.93996829,40.32080168,41.56171867,42.98297556
Gambia,13.443182,-15.310139,35.89288459,36.8204285,37.7964979,38.78783512,39.80323593,40.8320569,41.93115115,43.05945522,44.2430375,45.4809808,46.77753511
Georgia,42.315407,43.356892,8.527018692,8.719109312,8.904336665,9.104876388,9.362619193,9.712278598,10.1856145,10.81780508,11.63465115,12.6590819,13.89641968
Germany,51.165691,10.451526,3.218933237,3.251574908,3.272901243,3.286437339,3.297099796,3.311116311,3.332795696,3.365587169,3.412249505,3.471523485,3.543137312
Ghana,7.946527,-1.023194,33.89338301,34.95534706,36.13914096,37.41163405,38.75379552,40.23582139,41.75186177,43.44270836,45.20364534,46.99734274,48.8159547
Greece,39.074208,21.824312,3.307610318,3.537474296,3.744485504,3.863084907,3.878554659,3.800093751,3.665147509,3.532753381,3.455299017,3.435006788,3.456154601
Grenada,12.262776,-61.604171,14.68112905,14.72418083,14.65086177,14.47365756,14.2463218,14.01619824,13.76492147,13.52260249,13.2650573,13.03418975,12.84221769
Guatemala,15.783471,-90.230759,20.74751564,21.41352808,22.10282224,22.87000172,23.68131695,24.55016282,25.47146761,26.46902842,27.48609963,28.54651021,29.64161754
Guinea,9.945587,-9.696645,63.81979382,65.11028346,66.31240694,67.44978594,68.72330285,69.78436501,70.81837799,72.02659154,73.29811215,74.64311345,76.10385683
Guinea-Bissau,11.803749,-15.180413,52.32320629,53.9703072,55.56853464,57.28206626,59.22594059,61.18554933,63.46424753,65.99284538,68.80230377,71.86686171,75.18673881
Guyana,4.860416,-58.93018,24.43698142,25.21544879,25.94577896,26.65551477,27.36772508,28.10144927,28.77127065,29.3192789,29.90007149,30.45881707,30.99507828
Haiti,18.971187,-72.285215,48.2161935,49.42427758,50.6760894,51.90828777,53.21321587,54.34845055,55.49473249,56.64852657,57.80918742,85.40500102,60.1691516
Honduras,15.199999,-86.241905,14.45316929,14.93268302,15.39612009,15.94903122,16.48940985,17.0858696,17.68972617,18.3450575,19.05631673,19.81184212,20.62447375
Hungary,47.162494,19.503304,3.032795764,3.310397097,3.622308175,3.95573755,4.27460359,4.534601738,4.71084111,4.827600319,4.928694108,5.050276973,5.235286757
Iceland,64.963051,-19.020835,1.553076648,1.604187592,1.657723882,1.70795239,1.762153829,1.819100069,1.87526264,1.937067734,2.002791191,2.069225175,2.144414538
India,20.593684,78.96288,28.25677267,29.73260213,31.36071864,33.10629932,34.9424207,36.8504434,38.84164745,40.89297613,43.00152094,45.1392875,47.30489468
Indonesia,-0.789275,113.921327,20.24194248,20.9354136,21.67976632,22.47575906,23.29104948,24.17285884,25.07574714,26.00723332,26.95856515,27.96695874,29.01308995
Iran,32.427908,53.688046,11.99341286,12.42401781,12.85287118,13.32264368,13.81412214,14.33710503,14.89111107,15.4725254,16.11851016,16.85662175,17.67892831
Iraq,33.223191,43.679291,21.82842035,22.5071452,23.20491882,23.90152707,24.64591163,25.38992414,26.14729538,26.93767038,27.72840572,28.524844,29.30757845
Ireland,53.41291,-8.24389,2.829042475,2.919634418,3.012137969,3.103721554,3.18498084,3.258594415,3.32559745,3.390267261,3.458863614,3.537771469,3.634457261
Israel,31.046051,34.851612,2.968293338,3.014247709,3.057221064,3.103711998,3.159864116,3.233829447,3.321802503,3.42573562,3.541266942,3.665459102,3.794443794
Italy,41.87194,12.56738,2.684453193,2.753539273,2.817374442,2.881216519,2.954653358,3.035642679,3.119462034,3.204753158,3.288349841,3.368288861,3.444821207
Jamaica,18.109581,-77.297508,11.92587158,12.29947291,12.67540652,13.06504328,13.43421492,13.89189982,14.32062867,14.7455296,15.14846373,15.53902553,15.89785771
Japan,36.204824,138.252924,1.79732883,1.847365937,1.89802914,1.951471608,2.009404857,2.070027354,2.134222495,2.202261055,2.296971666,2.348748123,2.428140101
Jordan,30.585164,36.238414,13.40866663,13.82146487,14.2482084,14.69102519,15.12023046,15.53251424,15.955533,16.38072755,16.82972695,17.28584664,17.7512999
Kazakhstan,48.019573,66.923684,9.302377169,9.195043576,9.333470288,9.773199151,10.53717516,11.63278538,13.01560361,14.6117533,16.36350579,18.19651459,20.04825032
Kenya,-0.023559,37.906193,31.86514553,32.82104045,33.8954491,34.4508162,35.32486494,36.53242685,37.47169055,38.23758622,38.56190223,39.44069447,40.34267382
Kiribati,-3.370417,-168.734039,40.11294163,41.25445508,42.32736773,43.46354179,44.57894916,45.58241435,46.65245956,47.58182558,48.51122646,49.30702436,49.92404255
Kuwait,29.31166,47.481766,6.76705572,6.935922922,7.102367956,7.270926503,7.455439018,7.670561161,7.934088355,8.251906947,8.590439146,8.907058835,9.180554906
Kyrgyzstan,41.20438,74.766098,16.36192998,17.12063642,17.97861796,18.91747228,19.88928833,20.8908516,21.96555648,23.1669103,24.50658922,26.07338076,27.81988203
Latvia,56.879635,24.603189,3.090959461,3.299448102,3.551749058,3.855431518,4.2160145,4.6292261,5.091131067,5.590302306,6.084129074,6.539718101,6.952141081
Lebanon,33.854721,35.862285,6.164690774,6.369833427,6.581371296,6.815382917,7.083435988,7.40873404,7.701698205,8.044637252,8.395955832,8.795962635,9.258296731
Lesotho,-29.609988,28.233608,68.07696244,69.0943663,71.66615105,72.31284233,71.87716926,71.56736852,72.14590873,72.18909714,71.72552946,73.67531567,75.53452382
Liberia,6.428055,-9.429499,62.1827804,63.30762778,64.2878887,65.16375749,66.12208265,67.42929415,68.0403597,69.21996719,70.68432537,72.46387458,74.66909061
Libya,26.3351,17.228331,9.883113117,10.22510136,10.59664511,10.97836146,11.40790134,11.84847859,12.36799904,12.91767223,13.86355236,14.24022588,15.07163969
Lithuania,55.169438,23.881275,2.98901931,3.283309356,3.590446343,3.86297659,4.020144783,4.040858959,4.058950868,4.202707258,4.496856406,4.901671664,5.392373241
Luxembourg,49.815273,6.129583,2.247764044,2.291535609,2.327571078,2.354208442,2.367945864,2.371089951,2.380261407,2.398131061,2.425460068,2.470266823,2.532758571
Madagascar,-18.766947,46.869107,36.47211925,37.45838044,38.50603365,39.5703934,40.65820108,41.73641686,42.837447,44.00190466,45.2693982,46.62409702,48.13621996
Malawi,-13.254308,34.301525,30.91180976,32.07175445,33.50921055,35.27887258,37.30821884,39.66971296,42.69331637,45.9406928,49.53102207,53.16322027,55.25466595
Malaysia,4.210484,101.975766,7.320757787,7.216126246,7.086070621,6.974209701,6.89042306,6.835944591,6.807916599,6.812291267,6.847569014,6.895457404,6.92715596
Maldives,3.202778,73.22068,6.515647385,7.018584599,7.556657882,8.119789871,8.70268072,9.297610166,9.900820941,10.52717492,11.19137478,11.9360128,12.78838042
Mali,17.570692,-3.996166,60.20954388,61.79182102,63.49045398,65.2000458,66.95051407,68.74721993,70.63867446,72.59572997,74.59634009,76.70062893,78.85177149
Malta,35.937496,14.375416,6.078252618,6.145847724,6.169870895,6.145228277,6.106491557,6.063260446,6.024386802,5.990240422,5.965123967,5.947480445,5.929470759
Marshall Islands,7.131474,171.184478,26.38970946,27.15930694,27.88258766,28.60380091,29.29297906,29.95743536,30.49121845,30.96859624,31.29681534,31.5250243,31.69378826
Mauritania,21.00789,-10.940835,50.13964669,51.37933015,52.60034909,53.84199487,55.02600646,56.40243513,57.62875812,58.96000341,60.30155063,61.67107845,62.85911547
Mauritius,-20.348404,57.552152,14.2699591,13.68012415,13.15800092,12.81029644,12.74578409,12.93046195,13.08861535,12.95167027,12.65492983,12.45498341,12.51783345
Mexico,23.634501,-102.552784,12.19627163,12.61694325,13.04974204,13.47997703,13.9313859,14.3892762,14.86301112,15.34323771,15.85247999,16.37531843,16.91872886
Monaco,43.750298,7.412841,2.527675411,2.613578373,2.696661167,2.781116849,2.866684481,2.951012482,3.026906699,3.105834006,3.180749058,3.252672849,3.326313846
Mongolia,46.862496,103.846656,13.4465395,14.19164532,15.06628692,16.09093832,17.28478062,18.64021767,20.12015622,21.71759411,23.39086979,25.1487622,26.94707328
Montenegro,42.708678,19.37439,2.03975161,2.217671078,2.450508289,2.756479026,3.126790858,3.5586729,4.039867517,4.57066946,5.152435658,5.786327706,6.468117585
Morocco,31.791702,-7.09262,18.34228313,19.08066274,19.86283671,20.72977821,21.68869156,22.71922012,23.7905735,24.93179521,26.10142727,27.2832336,28.51058366
Mozambique,-18.665695,35.529562,54.77353916,56.37158704,57.93608221,59.83718727,61.54555415,63.17670869,64.71254494,66.41617273,68.84208809,72.43327686,72.97808656
Nauru,-0.522778,166.931503,25.70468123,26.42573317,27.230499,27.95702895,28.69865919,29.39474247,30.09095944,30.73607641,31.29764729,31.66528789,31.94499641
Nepal,28.394857,84.124008,25.61869656,26.49262397,27.44986708,28.51443382,29.68294435,30.92614678,32.32872002,33.84939395,35.45920958,37.14989245,38.91794694
Netherlands,52.132633,5.291266,3.454584908,3.441174128,3.429526901,3.42863529,3.438960533,3.46479318,3.505770287,3.562399049,3.635731064,3.726929623,3.839009273
New Zealand,-40.900557,174.885971,3.942549622,4.083724144,4.224896717,4.374964739,4.526262096,4.66914659,4.795863266,4.906177796,5.005296516,5.08795711,5.161219003
Nicaragua,12.865416,-85.207229,14.31413945,14.85214263,15.40651068,15.99125384,16.62403235,17.30228841,17.98910435,18.71554833,19.46038809,20.24249863,21.07764581
Niger,17.607789,8.081666,46.72142921,47.88772726,49.11822933,50.45939047,51.87402317,53.50848699,55.16093158,57.12207956,59.36217618,61.99812951,64.89602495
Nigeria,9.081999,8.675277,74.16031659,75.74067416,77.27902103,78.52203498,79.51666483,80.41502588,81.23519079,82.19876801,83.25568956,84.57111591,86.11200448
Niue,-19.054445,-169.867233,19.68973421,20.32376557,21.01183845,21.62596622,22.22468788,22.81002289,23.38651263,23.93608193,24.47975677,24.90623627,25.33465021
Norway,60.472024,8.468946,1.984170623,2.0347814,2.088793522,2.145259169,2.206921247,2.274843573,2.349849649,2.437436643,2.535685857,2.645976815,2.768353863
Oman,21.512583,55.923255,9.812342984,9.79754797,9.738802957,9.67531359,9.635792123,9.648323459,9.719531172,9.824846701,9.941975829,10.062002,10.19058768
Pakistan,30.375321,69.345116,55.66382504,57.24433326,58.84952164,60.47687976,62.12172648,63.7700101,65.43112841,67.05519225,68.6245056,70.1292467,71.51487828
Palau,7.51498,134.58252,15.77970521,16.29283263,16.83679006,17.36336029,17.86409073,18.42938625,18.94692268,19.5011803,20.04209363,20.66569227,21.21489819
Panama,8.537981,-80.782127,12.78020955,13.18032671,13.67191186,14.11867187,14.55073114,15.0462397,15.5332613,15.98939587,16.4992167,17.00041588,17.47474925
Papua New Guinea,-6.314993,143.95555,35.85000427,36.90553768,37.8488087,38.82745284,39.85257972,40.77025369,41.71913549,42.65630733,43.62537756,44.54067966,45.4998925
Paraguay,-23.442503,-58.443832,16.63330209,17.20270543,17.75947109,18.31906077,18.91513402,19.50245926,20.05582151,20.66949228,21.28915277,21.92695337,22.56921289
Peru,-9.189967,-75.015152,10.25526586,10.66801466,11.13253918,11.6233272,12.16547014,12.73559079,13.33551634,13.97470937,14.67599908,15.45918573,16.3246935
Philippines,12.879721,121.774017,21.63311887,22.20616526,22.72302914,23.12999493,23.48319455,23.72143449,23.98938015,24.26052891,24.52745436,24.79559902,25.0755053
Poland,51.919438,19.145136,3.762721367,3.836595835,3.926648714,4.035412212,4.1662889,4.318681167,4.488572153,4.669048254,4.875186473,5.133831632,5.451523487
Portugal,39.399872,-8.224454,3.050173095,3.030647398,3.005727379,2.981240546,2.962277949,2.954407305,2.957728818,2.976106265,3.007236461,3.054168144,3.116340541
Qatar,25.354826,51.183884,5.5681527,5.828368577,6.110995025,6.407260619,6.695488644,6.966135527,7.207196307,7.420891164,7.614374443,7.807704074,7.996773137
Romania,45.943161,24.96676,5.694670269,6.19501118,6.663597858,7.112852093,7.635578587,8.276637867,8.953378692,9.548312694,10.05269523,10.5397261,11.10601323
Russia,61.52401,105.318756,4.930722198,5.374823861,5.885884794,6.453501195,7.045911502,7.61800632,8.105516545,8.442545736,8.666815945,8.887625922,9.195067137
Rwanda,-1.940278,29.873888,26.29013374,27.34396942,28.43856126,29.55889717,30.8817071,32.5040433,34.51716621,37.01412226,39.80562201,43.82988816,47.53060857
Saint Kitts and Nevis,17.357822,-62.782998,12.87566033,13.22883176,13.54783531,13.87111027,14.1259335,14.31639748,14.45399754,14.50580423,14.56902189,14.64785703,14.74891918
Saint Lucia,13.909444,-60.978893,20.01384667,19.69200251,19.33955469,18.97409456,18.60072276,18.24977915,17.91688656,17.59384856,17.29481148,17.02237546,16.76654381
Saint Vincent and the Grenadines,12.984305,-61.287228,13.38548735,13.82593318,14.27800991,14.74393581,15.22267551,15.72074605,16.2227026,16.74515791,17.24803161,17.70915899,18.12464563
Samoa,-13.759029,-172.104629,12.91834406,13.31839037,13.72276785,14.11770626,14.49745501,14.86658472,15.18187559,15.437088,15.63905779,15.7850613,16.89430409
San Marino,43.94236,12.457777,1.493181156,1.552569037,1.614621925,1.685924004,1.769436113,1.858634615,1.961469346,2.088432721,2.234621151,2.415347269,2.616764606
Saudi Arabia,23.885942,45.079162,5.685871822,5.970146725,6.31845442,6.725042149,7.219089066,7.763094149,8.330486707,8.928741675,9.576887482,10.25093373,10.96570906
Senegal,14.497401,-14.452362,32.69596939,33.55115697,34.44887931,35.35986487,36.40116908,37.4664568,38.57923914,39.78613859,41.12665676,42.6288189,44.28716929
Serbia,44.016521,21.005859,4.628735932,4.812831738,5.009808556,5.227273544,5.465004981,5.716960599,5.970098463,6.203048376,6.415502482,6.604399286,6.768474625
Seychelles,-4.679574,55.491977,12.26169367,12.49662492,12.6615722,12.74413485,12.7012478,12.60044032,12.4656783,12.34336492,12.23092056,12.12700259,12.04456956
Sierra Leone,8.460555,-11.779889,80.92103639,83.35191011,85.92968377,88.57460605,94.16811648,94.87326639,97.02163863,100.1761085,103.5389744,107.1526586,110.8076102
Singapore,1.352083,103.819836,2.050107878,2.11060324,2.149164595,2.168337101,2.176319491,2.182750842,2.191766634,2.20589516,2.223932007,2.23568365,2.237838921
Slovakia,48.669026,19.699024,4.683178337,4.781966095,4.880681694,4.983921859,5.092413441,5.206312757,5.327977896,5.461230212,5.606629287,5.76642102,5.946401082
Slovenia,46.151241,14.995463,1.660514858,1.73819537,1.822978871,1.91466754,2.013468568,2.118629264,2.228493471,2.34909358,2.479168431,2.616163402,2.764863532
Solomon Islands,-9.64571,160.156194,16.82147481,17.32143295,17.87720993,18.43880874,18.98909268,19.55560915,20.09778676,20.6714776,21.26010688,21.84035309,22.4042981
Somalia,5.152149,46.199616,74.03214346,75.90145665,78.16335028,80.40121872,82.7739919,85.31884492,87.92306812,90.3908292,92.96688342,95.55904698,98.10417377
South Africa,-30.559482,22.937506,27.51648189,27.83128643,28.19221314,28.24150634,28.50313942,28.97081939,29.22564835,29.76644508,30.52789327,32.5262798,36.46014561
Spain,40.463667,-3.74922,2.603356874,2.645404094,2.6777487,2.707609333,2.744759156,2.794097246,2.860060193,2.942435147,3.041530868,3.154687416,3.280260452
Sri Lanka,7.873054,80.771797,6.076990988,6.351597595,6.672447951,7.038705417,7.483217791,8.007123337,8.567136567,9.108755837,9.587581055,9.981444591,10.3017687
Sudan,12.862807,30.217636,40.96868138,42.02078859,43.10681144,44.1821746,45.20730736,46.23068226,47.28915984,48.38208772,49.46748243,50.59987083,51.81269184
Suriname,3.919305,-56.027783,16.07992362,16.5582391,17.0214874,17.55084931,18.04923732,18.53341161,19.00761297,19.49839874,20.00911013,20.53170528,21.04017304
Sweden,60.128161,18.643501,2.082771648,2.157391202,2.22817268,2.287121744,2.334629847,2.36954599,2.397428626,2.425167444,2.45796256,2.499312401,2.555416698
Switzerland,46.818188,8.227512,3.566096882,3.6377632,3.695021149,3.743773245,3.783934912,3.814120951,3.840407007,3.863600489,3.8910107,3.928827765,3.981534409
Syria,34.802075,38.996815,17.92260751,17.99775299,18.07103623,17.97335322,17.76210137,17.71298389,17.3650531,16.95278508,16.37618723,16.24196245,16.23220482
Tajikistan,38.861034,71.276093,29.59554548,30.44899816,31.27273054,32.09566996,32.85638568,33.6130663,34.37802038,35.14308817,36.00457426,37.02018988,38.2890596
Thailand,15.870032,100.992541,7.720870429,8.069629892,8.448062462,8.854661334,9.274712443,9.718758979,10.18049924,10.65737233,11.15451037,11.69320596,12.24888696
Timor-Leste,-8.874217,125.727539,38.07202495,39.19029106,40.49387034,41.86457045,43.24094092,44.67933515,46.13510429,47.84886343,49.65564586,51.61121966,53.89699612
Togo,8.619543,0.824782,45.76114947,46.99292564,48.24958911,49.50918712,50.8325496,52.12353779,53.44182016,54.81531889,56.22516824,57.6765057,59.17868007
Tonga,-21.178986,-175.198242,14.29134331,14.425663,14.4627321,14.47012187,14.46150475,14.45799192,14.45062304,14.44084823,14.44900201,14.47122273,14.49587366
Trinidad and Tobago,10.691803,-61.222503,15.65580004,16.12977558,16.59032719,17.0756355,17.59820001,18.10454397,18.58548044,19.18467654,19.78767033,20.41614099,21.02214799
Tunisia,33.886917,9.537499,14.48669421,14.61118949,14.67273056,14.70280417,14.76100219,14.87313772,15.02187304,15.21825324,15.46025515,15.77698784,16.15909272
Turkey,38.963745,35.243322,8.615328271,9.184093217,9.79667659,10.45284483,11.14710384,11.90006406,12.71212903,13.59906537,14.57212965,15.60525491,16.75058668
Turkmenistan,38.969719,59.556278,36.32163835,36.64454749,36.6589691,36.42948545,36.21430862,36.05237163,36.00285232,36.07986287,36.38930674,36.91697184,37.76588086
Tuvalu,-7.109535,177.64933,20.23147101,20.90546311,21.54526453,22.2176018,22.88415574,23.64326213,24.26033827,24.99533623,25.6728244,26.4063296,27.14465203
Uganda,1.373333,32.290275,33.43732562,34.60050337,36.04296353,37.56720354,39.21173341,40.90662397,42.91862908,44.62390018,47.57849658,49.86250836,52.4575008
Ukraine,48.379433,31.16558,7.177253295,7.392673966,7.615556599,7.858666784,8.126088627,8.424498802,8.765604005,9.151785595,9.58816626,10.07336823,10.57956508
United Arab Emirates,23.424076,53.847818,6.404888817,6.506085067,6.582597698,6.644359718,6.702412822,6.765836207,6.849447814,6.95577766,7.090430267,7.254470973,7.442451905
United Kingdom,55.378051,-3.435973,3.674376892,3.717732774,3.751597161,3.786597014,3.830453535,3.892210961,3.983511236,4.102616714,4.250332768,4.418536477,4.591773424
United States,37.09024,-95.712891,5.557425125,5.643624569,5.711304422,5.764999193,5.81958922,5.882108864,5.953979421,6.038230821,6.134729829,6.243277326,6.357438554
Uruguay,-32.522779,-55.765835,6.068324119,6.451477159,6.84922249,7.246362809,7.631605653,7.983384523,8.302681393,8.593453923,8.891279716,9.251209102,9.71971976
Uzbekistan,41.377491,64.585262,15.57451972,16.47229406,17.55166898,18.80900986,20.27017778,21.84939602,23.54817826,25.31816666,27.21219943,29.20413599,31.32176527
Vanuatu,-15.376706,166.959158,21.85375707,22.41914364,22.93413791,23.49784824,24.01558505,24.41544269,24.71130683,24.85011076,24.81963253,24.70429424,24.51945638
Venezuela,6.42375,-66.58973,21.03843638,21.03843638,21.03895442,21.04440387,16.43652921,15.43178351,15.11907022,14.88707296,14.74338777,14.66608311,14.6538885
Vietnam,14.058324,108.277199,15.88450732,16.26984604,16.62850994,16.93798343,17.20117686,17.41704969,17.61709167,17.81839998,18.03866164,18.26122297,18.49557959
Yemen,15.552727,48.516388,43.62303149,43.63969732,43.34170746,43.31079448,43.35883805,42.98612063,42.96296095,42.96414984,43.07747202,43.63425328,44.94046932
Zambia,-13.133897,27.849332,42.41526142,43.36463674,44.12442869,45.78915991,46.72123991,47.47224878,48.74611241,49.92344745,51.02824068,52.32319252,54.13019521
Zimbabwe,-19.015438,29.154857,38.42377559,39.27375559,40.51729447,41.39205678,42.86800907,44.2457063,45.86494942,47.85339403,51.63199778,53.77651756,55.86600423
